{
	"credit": "Made with Blockbench",
	"texture_size": [32, 32],
	"textures": {
		"1": "item/food/milk_carton",
		"particle": "item/food/milk_carton"
	},
	"elements": [
		{
			"from": [7, 0, 7],
			"to": [10, 6, 10],
			"rotation": {"angle": 0, "axis": "y", "origin": [8.5, 5.2625, 8.5]},
			"faces": {
				"north": {"uv": [0.51002, 0.50635, 4.74286, 7.99524], "texture": "#1"},
				"east": {"uv": [5.25337, 0.50794, 9.49246, 7.99524], "texture": "#1"},
				"south": {"uv": [0.51002, 0.50635, 4.74286, 7.99524], "texture": "#1"},
				"west": {"uv": [5.25466, 0.50635, 9.49375, 7.99514], "texture": "#1"},
				"up": {"uv": [3.00397, 14.00942, 4.49315, 15.49216], "texture": "#1"},
				"down": {"uv": [1.25744, 14.00635, 2.74038, 15.49524], "texture": "#1"}
			}
		},
		{
			"from": [7.3, 5.13754, 7.37496],
			"to": [9.7, 6.38754, 8.62496],
			"rotation": {"angle": 45, "axis": "x", "origin": [8.5, 5.2625, 8.5]},
			"faces": {
				"north": {"uv": [13.20635, 14.25397, 14.4754, 15.49841], "rotation": 270, "texture": "#1"},
				"east": {"uv": [6.75724, 14.25397, 7.99484, 15.49127], "rotation": 90, "texture": "#1"},
				"south": {"uv": [11.55754, 14.25397, 12.82659, 15.49841], "rotation": 270, "texture": "#1"},
				"west": {"uv": [5.25843, 14.25397, 6.49603, 15.49127], "rotation": 270, "texture": "#1"},
				"up": {"uv": [13.20635, 14.25397, 14.47619, 15.49762], "texture": "#1"},
				"down": {"uv": [11.55754, 14.25397, 12.82659, 15.49762], "rotation": 180, "texture": "#1"}
			}
		},
		{
			"from": [7, 7, 8.275],
			"to": [10, 8.05, 8.725],
			"rotation": {"angle": 0, "axis": "y", "origin": [8.5, 5.2625, 8.5]},
			"faces": {
				"north": {"uv": [12.49375, 10.00625, 11.00903, 10.49137], "texture": "#1"},
				"east": {"uv": [12.00764, 10.75704, 12.49603, 11.74375], "texture": "#1"},
				"south": {"uv": [12.75556, 10.00357, 14.24653, 10.49683], "rotation": 270, "texture": "#1"},
				"west": {"uv": [12.75556, 10.75704, 13.24385, 11.74375], "texture": "#1"},
				"up": {"uv": [11.25823, 10.75704, 11.74038, 11.74454], "rotation": 90, "texture": "#1"},
				"down": {"uv": [13.46429, 10.74921, 13.97143, 11.74921], "rotation": 270, "texture": "#1"}
			}
		},
		{
			"from": [7, 6.34465, 7.96083],
			"to": [10, 6.84465, 9.78583],
			"rotation": {"angle": -45, "axis": "x", "origin": [8.5, 5.2625, 8.5]},
			"faces": {
				"north": {"uv": [11.2371, 12.03175, 12.68899, 12.51925], "texture": "#1"},
				"east": {"uv": [6.25397, 13.00327, 7.24544, 13.49048], "texture": "#1"},
				"south": {"uv": [11.2371, 12.03175, 12.68899, 12.51925], "texture": "#1"},
				"west": {"uv": [7.75278, 13.00327, 8.74425, 13.49048], "texture": "#1"},
				"up": {"uv": [5.25685, 8.26181, 8.99196, 12.74286], "rotation": 90, "texture": "#1"},
				"down": {"uv": [10.75813, 5.25704, 14.49534, 9.74296], "rotation": 270, "texture": "#1"}
			}
		},
		{
			"from": [7, 6.34465, 7.21417],
			"to": [10, 6.84465, 9.03917],
			"rotation": {"angle": 45, "axis": "x", "origin": [8.5, 5.2625, 8.5]},
			"faces": {
				"north": {"uv": [13.01806, 12.03175, 14.53869, 12.53175], "texture": "#1"},
				"east": {"uv": [2.75625, 13.00476, 3.74187, 13.49206], "texture": "#1"},
				"south": {"uv": [13.01806, 12.03175, 14.53869, 12.53175], "texture": "#1"},
				"west": {"uv": [1.25754, 13.00486, 2.24296, 13.49196], "texture": "#1"},
				"up": {"uv": [1.00972, 8.25556, 4.74484, 12.74286], "rotation": 90, "texture": "#1"},
				"down": {"uv": [10.75675, 0.50794, 14.49375, 4.99375], "rotation": 270, "texture": "#1"}
			}
		}
	],
	"display": {
		"thirdperson_righthand": {
			"rotation": [23.71, 47, -6.82],
			"translation": [-0.25, 3.75, 1.5],
			"scale": [0.9, 0.9, 0.9]
		},
		"thirdperson_lefthand": {
			"rotation": [23.71, 47, -6.82],
			"translation": [0.5, 4, 0.75],
			"scale": [0.9, 0.9, 0.9]
		},
		"firstperson_righthand": {
			"rotation": [-4, -52, -5],
			"translation": [-0.5, 6.5, 0.75]
		},
		"firstperson_lefthand": {
			"rotation": [-4, -52, -5],
			"translation": [-0.75, 6.5, 1.5]
		},
		"ground": {
			"translation": [-1, 4.75, 0]
		},
		"gui": {
			"rotation": [0, -27, 0],
			"translation": [-0.5, 6.75, 0],
			"scale": [1.7, 1.7, 1.7]
		},
		"head": {
			"translation": [-0.5, 14.25, 0.75]
		},
		"fixed": {
			"translation": [-1, 7.75, -0.5],
			"scale": [2, 2, 2]
		}
	}
}