{
	"credit": "Made with Blockbench",
	"textures": {
		"0": "item/food/sanshokudango",
		"particle": "item/food/sanshokudango"
	},
	"elements": [
		{
			"from": [7, 4.75, 7],
			"to": [9, 6.75, 9],
			"rotation": {"angle": 0, "axis": "y", "origin": [8.025, 5.75, 8.025]},
			"faces": {
				"north": {"uv": [8.5, 0.5, 11, 3], "texture": "#0"},
				"east": {"uv": [8.5, 9.5, 11, 12], "texture": "#0"},
				"south": {"uv": [8.5, 3.5, 11, 6], "texture": "#0"},
				"west": {"uv": [8.5, 6.5, 11, 9], "texture": "#0"},
				"up": {"uv": [8.5, 12.5, 11, 15], "texture": "#0"},
				"down": {"uv": [8.5, 12.5, 11, 15], "texture": "#0"}
			}
		},
		{
			"from": [7, 7, 7],
			"to": [9, 9, 9],
			"rotation": {"angle": 0, "axis": "y", "origin": [8.025, 5.75, 8.025]},
			"faces": {
				"north": {"uv": [12.5, 0.5, 15, 3], "texture": "#0"},
				"east": {"uv": [12.5, 9.5, 15, 12], "texture": "#0"},
				"south": {"uv": [12.5, 3.5, 15, 6], "texture": "#0"},
				"west": {"uv": [12.5, 6.5, 15, 9], "texture": "#0"},
				"up": {"uv": [12.5, 12.5, 15, 15], "texture": "#0"},
				"down": {"uv": [12.5, 12.5, 15, 15], "texture": "#0"}
			}
		},
		{
			"from": [7, 2.5, 7],
			"to": [9, 4.5, 9],
			"rotation": {"angle": 0, "axis": "y", "origin": [8.025, 5.75, 8.025]},
			"faces": {
				"north": {"uv": [4.5, 0.5, 7, 3], "texture": "#0"},
				"east": {"uv": [4.5, 9.5, 7, 12], "texture": "#0"},
				"south": {"uv": [4.5, 3.5, 7, 6], "texture": "#0"},
				"west": {"uv": [4.5, 6.5, 7, 9], "texture": "#0"},
				"up": {"uv": [4.5, 12.5, 7, 15], "texture": "#0"},
				"down": {"uv": [4.5, 12.5, 7, 15], "texture": "#0"}
			}
		},
		{
			"from": [7.75, 0, 7.75],
			"to": [8.35, 9.75, 8.35],
			"rotation": {"angle": 0, "axis": "y", "origin": [8.025, 5.75, 8.025]},
			"faces": {
				"north": {"uv": [1.5125, 1.0125, 2.4875, 5.9875], "texture": "#0"},
				"east": {"uv": [1.5125, 1.0125, 2.4875, 5.9875], "texture": "#0"},
				"south": {"uv": [1.5125, 1.0125, 2.4875, 5.9875], "texture": "#0"},
				"west": {"uv": [1.5125, 1.0125, 2.4875, 5.9875], "texture": "#0"},
				"up": {"uv": [1.5125, 1.0125, 2.4875, 1.9875], "texture": "#0"},
				"down": {"uv": [1.5125, 5.0125, 2.4875, 5.9875], "texture": "#0"}
			}
		}
	],
	"display": {
		"thirdperson_righthand": {
			"translation": [-0.5, 5, -0.25],
			"scale": [0.8, 0.8, 0.8]
		},
		"thirdperson_lefthand": {
			"translation": [-0.4, 5, -0.25],
			"scale": [0.8, 0.8, 0.8]
		},
		"firstperson_righthand": {
			"rotation": [-21.95, -33.03, -14.52],
			"translation": [0.25, 7.75, 0.5]
		},
		"firstperson_lefthand": {
			"rotation": [-21.95, -33.03, -14.52],
			"translation": [0.25, 7.75, 0.5]
		},
		"ground": {
			"translation": [0, 5, 0]
		},
		"gui": {
			"rotation": [-3, -6.99, -23.06],
			"translation": [1.25, 3.75, 0],
			"scale": [1.4, 1.4, 1.4]
		},
		"head": {
			"translation": [0, 14.25, 0]
		},
		"fixed": {
			"translation": [0, 5, 0.5],
			"scale": [1.5, 1.5, 1.5]
		}
	}
}